CustomerID,Age,Gender,City,AnnualIncome_INR,TenureMonths,CardType,CreditLimit_INR,NumProductsHeld,DaysSinceLastTxn,TxnPerMonth,AvgMonthlySpend_INR,CreditUtilization,LatePayments12M,Complaints6M,ServiceCalls6M,MobileAppLogins3M,RewardsRedeemed12M,AutoPayEnabled,Churned
CUST100001,58,Male,Mumbai,349000,123,Basic,52000,3,33,4,2017,0.281,0,0,0,,2,0,0
CUST100002,64,Female,Delhi NCR,1114000,60,Gold,467000,1,20,6,30167,0.401,2,1,5,27,1,0,0
CUST100003,36,Female,Bangalore,300000,117,Basic,52000,2,15,1,1242,0.593,4,0,1,1,0,1,0
CUST100004,56,Female,Hyderabad,822000,43,Silver,247000,1,25,19,24561,0.317,1,0,0,12,7,1,0
CUST100005,54,Male,Pune,1735000,72,Platinum,821000,5,24,5,11120,0.326,0,0,0,2,2,0,0
CUST100006,66,Female,Chennai,954000,4,Gold,406000,1,1,13,18850,0.171,0,0,1,38,6,0,0
CUST100007,55,Male,Mumbai,801000,69,Silver,261000,3,40,1,9910,0.532,4,1,0,5,4,1,0
CUST100008,60,Female,Delhi NCR,536000,29,Basic,103000,1,12,4,2652,0.281,0,0,2,2,2,0,0
CUST100009,59,Male,Bangalore,742000,75,Silver,207000,1,54,11,14912,0.726,3,1,2,5,1,0,1
CUST100010,66,Female,Mumbai,635000,33,Silver,170000,2,22,6,10505,0.072,0,0,1,1,0,1,0
CUST100011,53,Male,Delhi NCR,473000,1,Basic,71000,1,62,8,3299,0.399,1,2,2,18,1,0,1
CUST100012,71,Male,Delhi NCR,622000,14,Silver,167000,1,3,10,7203,0.67,0,1,1,13,1,1,0
CUST100013,50,Female,Mumbai,814000,9,Basic,176000,1,82,6,7334,0.477,5,0,0,20,5,0,1
CUST100014,61,Male,Bangalore,478000,48,Basic,82000,2,21,16,4609,0.441,2,0,0,23,1,0,0
CUST100015,60,Female,Chennai,468000,39,Basic,69000,1,51,11,4273,0.055,2,0,1,12,0,1,0
CUST100016,72,Male,Mumbai,345000,13,Basic,55000,1,29,9,3274,0.64,2,0,0,6,1,0,1
CUST100017,49,Female,Bangalore,904000,19,Gold,375000,1,8,2,12384,0.46,2,0,0,10,2,1,0
CUST100018,62,Male,Pune,985000,9,Gold,368000,1,9,9,31927,0.544,2,1,5,11,7,0,0
CUST100019,53,Male,Chennai,829000,9,Silver,245000,1,11,10,11682,0.488,3,0,0,12,2,0,1
CUST100020,46,Male,Pune,1240000,5,Gold,543000,1,11,5,35041,0.387,0,2,5,17,0,1,1
CUST100021,64,Male,Delhi NCR,766000,26,Silver,242000,2,35,0,5034,0.396,1,2,6,14,0,0,1
CUST100022,43,Male,Pune,905000,12,Gold,455000,2,42,8,25429,0.342,2,0,3,0,1,1,1
CUST100023,47,Female,Delhi NCR,862000,22,Gold,407000,1,37,7,28477,0.437,3,0,0,25,2,0,0
CUST100024,56,Female,Delhi NCR,694000,30,Silver,157000,1,24,7,10859,0.142,1,1,1,20,1,0,0
CUST100025,66,Female,Mumbai,545000,31,Basic,80000,1,33,5,3183,0.701,3,0,1,12,1,0,1
CUST100026,63,Male,Bangalore,2465000,9,Platinum,1478000,2,16,9,99568,0.095,2,1,3,10,1,0,1
CUST100027,58,Male,Delhi NCR,569000,13,Silver,142000,1,54,2,5816,0.334,2,0,2,0,4,0,1
CUST100028,40,Male,Delhi NCR,506000,1,Basic,71000,2,32,6,2891,0.72,2,2,5,26,1,1,1
CUST100029,49,Female,Chennai,926000,19,Gold,341000,1,42,2,14690,0.199,1,0,2,8,0,1,1
CUST100030,52,Female,Delhi NCR,,48,Silver,208000,1,36,9,18724,0.541,3,0,1,11,3,0,0
CUST100031,45,Male,Delhi NCR,337000,2,Basic,52000,1,22,6,2884,0.285,1,0,1,11,0,1,0
CUST100032,38,Female,Mumbai,1353000,63,Platinum,776000,2,66,9,52428,0.085,1,0,0,4,1,1,1
CUST100033,57,Male,Delhi NCR,693000,78,Silver,228000,1,30,8,14985,0.223,0,0,0,3,1,1,0
CUST100034,64,Male,Delhi NCR,396000,29,Basic,72000,2,12,9,2336,0.35,0,1,2,4,0,0,0
CUST100035,51,Male,Delhi NCR,1403000,63,Platinum,1233000,1,1,14,102475,0.317,0,0,0,41,2,0,0
CUST100036,66,Male,Mumbai,1029000,22,Gold,424000,1,4,5,13416,0.202,1,0,1,5,2,1,0
CUST100037,42,Female,Pune,364000,12,Basic,61000,2,1,13,3513,0.426,1,0,2,22,2,1,0
CUST100038,45,Female,Hyderabad,1939000,3,Platinum,1180000,1,38,7,100455,0.393,2,0,0,21,4,0,0
CUST100039,56,Male,Bangalore,1048000,3,Gold,439000,1,67,13,28384,0.246,1,1,1,30,2,1,0
CUST100040,50,Male,Chennai,725000,63,Silver,213000,2,28,13,11595,0.521,1,1,4,0,1,0,0
CUST100041,63,Female,Pune,1749000,95,Platinum,1461000,2,39,10,119554,0.635,4,0,0,28,4,0,0
CUST100042,60,Female,Hyderabad,796000,28,Silver,184000,1,16,11,8410,0.551,1,1,3,10,4,0,1
CUST100043,51,Female,Bangalore,718000,77,Silver,225000,1,22,7,10059,0.249,0,0,0,45,2,1,0
CUST100044,42,Male,Hyderabad,507000,36,Basic,93000,3,23,10,7774,0.532,5,0,1,26,1,0,0
CUST100045,49,Female,Hyderabad,1005000,58,Gold,288000,5,103,1,9715,0.213,0,0,2,0,0,0,1
CUST100046,61,Male,Pune,948000,33,Basic,190000,3,25,10,6141,0.01,0,0,1,17,1,1,0
CUST100047,63,Female,Bangalore,735000,32,Silver,246000,3,3,3,11279,0.01,2,0,1,33,1,0,0
CUST100048,50,Male,Mumbai,472000,15,Basic,70000,5,7,10,3750,0.158,0,0,0,0,1,1,0
CUST100049,38,Female,Mumbai,783000,33,Silver,213000,1,19,6,15129,0.353,0,0,2,10,3,0,0
CUST100050,41,Male,Bangalore,702000,11,Silver,132000,2,37,5,4917,0.573,1,0,1,,1,0,0
CUST100051,60,Male,Bangalore,350000,3,Basic,48000,2,33,17,5190,0.199,1,2,6,11,4,1,1
CUST100052,50,Female,Delhi NCR,325000,27,Basic,68000,1,50,9,6019,0.551,2,0,1,17,0,0,1
CUST100053,51,Female,Bangalore,995000,4,Gold,365000,2,65,9,15698,0.01,1,0,0,15,2,1,0
CUST100054,45,Male,Bangalore,300000,20,Basic,42000,1,22,8,2164,0.477,2,0,0,29,3,1,0
CUST100055,45,Female,Pune,817000,2,Silver,231000,2,1,15,19624,0.131,0,0,0,19,5,0,0
CUST100056,66,Female,Mumbai,561000,33,Silver,138000,1,39,9,5920,0.271,1,1,1,0,4,1,0
CUST100057,60,Male,Mumbai,1498000,14,Platinum,834000,3,55,9,52069,0.193,0,0,2,11,1,0,0
CUST100058,48,Male,Pune,556000,6,Silver,171000,1,18,8,8722,0.371,2,1,3,15,2,1,0
CUST100059,56,Male,Pune,1048000,19,Gold,332000,2,52,4,13064,0.268,0,0,1,0,0,0,1
CUST100060,57,Female,Hyderabad,586000,18,Silver,133000,2,21,4,5732,0.137,2,0,0,,2,0,0
CUST100061,72,Male,Pune,777000,51,Silver,217000,1,31,3,8736,0.385,0,1,4,7,0,0,0
CUST100062,44,Male,Hyderabad,1094000,87,Gold,514000,2,21,14,39382,0.19,3,1,1,31,4,0,0
CUST100063,57,Female,Delhi NCR,,49,Silver,188000,5,26,6,7493,0.01,1,0,0,25,1,0,0
CUST100064,65,Female,Delhi NCR,1262000,5,Gold,444000,3,109,2,13455,0.293,3,0,0,14,1,0,1
CUST100065,72,Female,Delhi NCR,422000,10,Basic,87000,2,98,4,3564,0.222,1,0,0,0,0,0,1
CUST100066,48,F,Bangalore,858000,156,Silver,200000,2,37,8,10792,0.01,0,0,0,14,1,1,0
CUST100067,50,Female,Hyderabad,1212000,19,Gold,644000,3,55,6,27168,0.184,0,0,0,10,1,1,0
CUST100068,63,Female,Delhi NCR,1049000,18,Platinum,508000,2,21,10,33891,0.108,1,1,4,13,1,1,0
CUST100069,40,Female,Bangalore,2093000,58,Platinum,1577000,1,32,4,30514,0.615,1,2,6,8,2,0,1
CUST100070,58,Male,Delhi NCR,479000,56,Basic,74000,1,14,20,5279,0.155,0,0,5,18,7,0,0
CUST100071,72,Male,Mumbai,342000,6,Basic,82000,2,1,20,6862,0.302,0,0,0,21,4,0,0
CUST100072,60,Male,Mumbai,422000,32,Basic,82000,2,76,17,5009,0.274,2,0,1,6,4,0,0
CUST100073,35,Female,Mumbai,1049000,5,Silver,233000,1,100,7,17913,0.505,1,0,0,22,2,1,1
CUST100074,46,Male,Hyderabad,959000,63,Gold,348000,1,26,5,15933,0.026,2,0,0,8,3,0,0
CUST100075,,Male,Delhi NCR,772000,4,Silver,240000,1,21,13,17684,0.555,1,0,1,29,1,1,1
CUST100076,69,Female,Pune,393000,27,Basic,82000,1,40,6,3406,0.442,1,0,0,8,1,1,0
CUST100077,53,Male,Chennai,1112000,72,Gold,439000,1,13,14,31907,0.367,0,0,0,12,2,0,0
CUST100078,38,Male,Mumbai,372000,21,Basic,66000,4,14,3,1653,0.371,0,1,4,8,2,1,0
CUST100079,54,Female,Mumbai,1380000,43,Platinum,954000,1,19,6,43987,0.532,0,0,1,2,1,0,0
CUST100080,56,Female,Pune,3512000,31,Platinum,2186000,1,76,17,129169,0.043,1,0,2,32,2,0,0
CUST100081,49,Male,Delhi NCR,892000,69,Silver,186000,1,10,5,7763,0.309,3,0,0,0,2,0,0
CUST100082,44,Male,Hyderabad,1005000,105,Gold,343000,1,38,5,3623,0.348,1,0,0,5,2,1,0
CUST100083,72,Male,Mumbai,556000,44,Silver,158000,4,6,2,3801,0.423,1,0,1,37,1,1,0
CUST100084,66,Female,Chennai,300000,89,Basic,64000,1,22,5,4193,0.256,4,0,2,8,0,1,0
CUST100085,67,Female,Pune,524000,16,Basic,119000,2,22,7,7676,0.31,3,0,0,18,3,0,0
CUST100086,53,Male,Mumbai,400000,28,Basic,80000,2,6,9,6448,0.206,2,0,1,62,0,1,0
CUST100087,48,Female,Delhi NCR,329000,21,Basic,61000,2,41,10,5253,0.05,0,2,6,42,2,1,0
CUST100088,50,Male,Hyderabad,1881000,92,Platinum,1298000,1,7,2,56726,0.37,1,0,1,6,1,0,0
CUST100089,42,Male,Delhi NCR,848000,59,Silver,203000,2,26,1,5842,0.027,0,0,1,1,0,0,0
CUST100090,72,Female,Delhi NCR,899000,14,Gold,350000,2,27,7,12450,0.132,2,1,2,36,3,0,0
CUST100091,53,Male,Delhi NCR,615000,17,Silver,142000,4,20,8,10439,0.02,1,1,2,17,3,1,0
CUST100092,72,Male,Delhi NCR,663000,108,Silver,140000,2,7,3,5625,0.133,0,0,0,9,3,0,1
CUST100093,50,Male,Pune,1240000,10,Gold,526000,1,59,0,27817,0.245,1,1,3,3,0,1,1
CUST100094,60,Female,Pune,717000,18,Silver,202000,1,13,10,10937,0.084,0,0,0,10,4,1,0
CUST100095,57,Female,Delhi NCR,977000,17,Gold,439000,2,10,3,27546,0.543,4,0,0,0,1,1,0
CUST100096,41,Female,Pune,655000,2,Silver,196000,3,49,18,15923,0.01,0,1,2,21,3,0,0
CUST100097,72,Male,Mumbai,604000,31,Silver,171000,1,90,9,13833,0.243,1,0,0,10,1,0,0
CUST100098,50,Male,Mumbai,336000,19,Basic,65000,1,16,8,5365,0.076,1,0,2,17,1,1,0
CUST100099,43,Female,Bangalore,300000,5,Basic,52000,2,28,10,2192,0.305,2,1,5,14,1,0,0
CUST100100,63,Male,Hyderabad,632000,2,Silver,185000,1,52,5,7197,0.438,1,0,2,6,1,0,0
CUST100101,55,Female,Mumbai,752000,20,Silver,178000,1,60,10,7469,0.296,0,0,0,11,2,1,0
CUST100102,59,Female,Mumbai,360000,59,Basic,68000,1,1,7,2216,0.365,0,0,1,33,1,0,0
CUST100103,56,Male,Bangalore,716000,53,Silver,218000,1,36,8,14309,0.616,0,3,1,20,1,1,1
CUST100104,36,Female,Pune,751000,10,Silver,180000,1,43,0,5124,0.074,3,0,0,0,1,1,1
CUST100105,46,Male,Mumbai,300000,13,Platinum,184000,2,64,0,5653,0.32,3,0,1,3,1,0,1
CUST100106,45,Male,Delhi NCR,441000,24,Basic,69000,1,52,1,2682,0.593,3,0,2,0,2,1,1
CUST100107,67,Male,Chennai,913000,4,Gold,331000,4,45,3,5777,0.179,0,0,0,9,2,0,0
CUST100108,55,Male,Delhi NCR,902000,36,Gold,288000,1,72,5,18174,0.237,0,0,0,0,1,1,1
CUST100109,61,Female,Mumbai,387000,11,Basic,84000,3,31,5,3424,0.19,1,1,2,20,4,0,0
CUST100110,51,Female,Mumbai,,73,Silver,258000,1,91,6,14537,0.196,2,0,0,0,2,0,1
CUST100111,61,Female,Delhi NCR,1280000,37,Gold,562000,2,24,11,42573,0.179,2,0,2,15,2,0,0
CUST100112,53,Female,Bangalore,1118000,14,Gold,606000,2,32,5,38936,0.295,2,1,4,14,1,0,0
CUST100113,52,Male,Pune,692000,57,Basic,118000,1,14,15,8695,0.292,0,0,0,7,0,0,0
CUST100114,57,male ,Chennai,564000,79,Silver,237000,1,21,7,4441,0.474,1,2,5,12,3,1,0
CUST100115,56,Female,Chennai,516000,28,Basic,87000,1,35,15,6733,0.194,1,1,1,6,1,1,0
CUST100116,72,Female,Hyderabad,943000,12,Gold,395000,3,30,1,13948,0.662,3,0,0,32,1,0,1
CUST100117,46,Male,Delhi NCR,812000,114,Silver,205000,4,70,0,4277,0.192,2,0,2,5,1,0,0
CUST100118,40,Male,Delhi NCR,1031000,70,Gold,440000,3,19,10,27938,0.619,1,0,1,5,0,1,0
CUST100119,59,Male,Hyderabad,784000,84,Silver,245000,1,17,11,13951,0.103,1,0,1,27,4,0,0
CUST100120,47,Male,Delhi NCR,1144000,39,Gold,448000,2,31,5,12180,0.061,0,0,1,36,0,1,0
CUST100121,35,Female,Chennai,768000,37,Basic,178000,1,117,5,9736,0.456,1,0,0,11,1,1,1
CUST100122,44,Male,Chennai,1123000,41,Gold,469000,3,47,9,22504,0.188,2,0,1,16,4,0,0
CUST100123,72,Female,Mumbai,1178000,7,Gold,494000,3,26,9,25050,0.289,0,0,1,27,2,0,0
CUST100124,45,Female,Bangalore,469000,33,Basic,69000,3,6,5,2705,0.152,0,0,1,18,2,0,0
CUST100125,38,Female,Mumbai,300000,7,Basic,57000,1,24,9,4512,0.12,1,0,2,6,3,1,0
CUST100126,72,Male,Mumbai,1705000,11,Platinum,1012000,1,1,13,69943,0.343,1,0,0,30,1,1,0
CUST100127,43,Male,Bangalore,840000,14,Silver,203000,1,35,0,6286,0.063,0,2,3,2,0,0,1
CUST100128,72,Female,Delhi NCR,300000,50,Basic,45000,1,19,11,2494,0.294,2,1,3,24,1,1,0
CUST100129,51,Female,Pune,493000,25,Basic,128000,1,28,13,10200,0.11,1,1,2,17,1,0,0
CUST100130,72,Male,Hyderabad,1115000,25,Gold,425000,1,35,4,25358,0.493,2,0,1,11,0,1,1
CUST100131,,Female,Pune,625000,38,Basic,81000,1,17,10,5883,0.166,1,0,1,6,1,1,0
CUST100132,60,Male,Delhi NCR,550000,25,Basic,85000,1,54,17,8426,0.503,0,0,0,5,1,1,0
CUST100133,53,Female,Delhi NCR,1576000,44,Platinum,949000,2,10,3,44209,0.253,0,0,0,11,2,1,0
CUST100134,52,Male,Delhi NCR,,4,Basic,79000,1,40,2,1683,0.741,4,0,1,0,0,1,1
CUST100135,57,Male,Mumbai,470000,18,Basic,91000,4,17,7,3464,0.384,1,0,0,6,3,0,0
CUST100136,61,Male,Hyderabad,819000,26,Silver,250000,3,27,12,15700,0.145,0,1,3,8,1,0,0
CUST100137,57,Male,Delhi NCR,904000,5,Gold,320000,1,53,6,12161,0.186,2,0,0,20,0,1,0
CUST100138,55,Male,Mumbai,958000,22,Gold,407000,1,143,9,15998,0.344,0,1,3,,2,0,1
CUST100139,47,Male,Pune,1204000,22,Gold,406000,2,26,5,8103,0.315,1,1,3,8,0,1,0
CUST100140,54,Male,Delhi NCR,814000,43,Silver,197000,1,22,1,3911,0.109,1,2,5,4,0,1,1
CUST100141,72,Female,Mumbai,,14,Gold,319000,1,16,7,15205,0.68,1,1,1,20,1,0,0
CUST100142,46,Male,Mumbai,632000,38,Silver,135000,1,1,10,8038,0.064,0,1,3,29,1,0,0
CUST100143,58,Female,Chennai,755000,47,Silver,245000,1,32,8,10212,0.031,1,0,0,6,4,0,0
CUST100144,71,Female,Pune,774000,41,Silver,237000,1,13,6,11787,0.171,1,1,5,40,3,1,0
CUST100145,61,Male,Mumbai,821000,12,Silver,263000,1,5,3,9017,0.704,1,0,0,14,1,1,0
CUST100146,67,Male,Hyderabad,1116000,45,Gold,450000,1,45,2,21716,0.195,0,1,5,16,1,0,0
CUST100147,43,Female,Pune,990000,42,Gold,451000,1,62,5,19537,0.259,2,0,3,11,0,0,1
CUST100148,58,Female,Pune,747000,14,Silver,139000,2,61,9,9704,0.486,2,0,0,0,5,0,0
CUST100149,51,Male,Mumbai,467000,10,Basic,95000,1,32,9,5821,0.415,0,1,5,31,2,0,1
CUST100150,52,Female,Mumbai,757000,14,Silver,212000,1,38,6,5967,0.532,1,0,0,15,3,1,1
CUST100151,72,Male,Pune,718000,7,Silver,217000,1,54,8,11546,0.142,1,0,0,21,0,0,0
CUST100152,52,Male,Delhi NCR,811000,29,Silver,236000,1,13,10,9031,0.642,2,0,1,19,0,0,0
CUST100153,58,Female,Bangalore,2455000,26,Platinum,1227000,5,64,4,50423,0.372,1,1,3,7,2,1,0
CUST100154,38,Male,Chennai,547000,21,Basic,70000,1,10,3,2142,0.01,0,1,7,27,0,1,0
CUST100155,72,Female,Mumbai,920000,13,Gold,321000,1,4,7,18476,0.366,1,0,0,15,1,0,0
CUST100156,66,Male,Pune,1313000,5,Gold,579000,1,25,7,17858,0.285,0,0,0,9,2,1,0
CUST100157,54,Female,Hyderabad,770000,79,Silver,235000,1,6,3,9304,0.345,1,0,1,12,1,0,0
CUST100158,51,Male,Chennai,2639000,30,Basic,350000,1,36,11,26190,0.128,0,0,2,47,1,0,0
CUST100159,62,Male,Delhi NCR,592000,53,Silver,133000,2,19,7,8738,0.425,3,0,0,23,2,1,0
CUST100160,70,Male,Pune,872000,62,Gold,303000,1,21,10,14200,0.599,1,0,1,5,2,0,1
CUST100161,72,Male,Bangalore,,53,Basic,77000,1,9,10,4707,0.23,2,1,4,21,3,0,0
CUST100162,65,Female,Chennai,601000,20,Silver,123000,1,20,17,10668,0.32,2,0,0,12,2,0,0
CUST100163,55,Male,Pune,836000,35,Silver,169000,1,2,11,15802,0.291,1,1,3,40,3,0,0
CUST100164,68,Male,Chennai,1162000,3,Gold,396000,1,33,12,14723,0.175,2,0,0,37,1,1,0
CUST100165,65,Male,Delhi NCR,869000,59,Gold,353000,1,29,6,12462,0.261,2,0,0,0,0,0,1
CUST100166,56,Male,Mumbai,1458000,82,Platinum,698000,1,33,4,54588,0.321,1,0,1,0,1,1,0
CUST100167,64,Female,Mumbai,692000,94,Silver,184000,2,41,6,8207,0.253,1,0,1,4,1,1,0
CUST100168,64,Male,Bangalore,608000,10,Silver,197000,1,66,3,3360,0.56,1,0,1,6,1,0,1
CUST100169,54,Female,Bangalore,3227000,9,Platinum,1502000,2,56,16,98093,0.248,0,0,1,9,4,1,0
CUST100170,49,Male,Bangalore,906000,24,Gold,349000,4,11,10,3594,0.331,0,0,2,32,1,1,0
CUST100171,63,Female,Delhi NCR,491000,36,Basic,102000,3,1,7,5648,0.361,0,0,1,19,1,1,0
CUST100172,44,Male,Pune,498000,32,Basic,81000,1,64,15,7660,0.141,2,0,1,9,4,0,0
CUST100173,42,Male,Hyderabad,434000,69,Basic,68000,1,19,5,2249,0.511,0,0,0,7,1,0,0
CUST100174,58,Female,Delhi NCR,1221000,27,Gold,591000,1,56,7,26209,0.388,1,1,1,0,2,1,1
CUST100175,62,Female,Chennai,597000,26,Silver,153000,3,3,2,7105,0.714,2,0,1,28,0,0,1
CUST100176,,Female,Chennai,782000,27,Silver,255000,1,2,13,8474,0.389,1,0,1,6,2,1,0
CUST100177,60,Male,Bangalore,704000,20,Silver,206000,2,25,9,7180,0.734,1,1,2,17,0,0,0
CUST100178,36,Male,Mumbai,1091000,20,Gold,409000,1,2,9,22003,0.666,4,0,0,32,0,1,0
CUST100179,62,Female,Pune,458000,14,Basic,88000,2,33,11,4351,0.24,2,0,0,28,4,0,0
CUST100180,72,Male,Hyderabad,404000,6,Basic,75000,2,6,17,5621,0.15,0,0,0,16,6,0,0
CUST100181,66,Female,Chennai,825000,11,Silver,266000,2,40,3,6510,0.155,0,1,2,10,1,0,0
CUST100182,65,Male,Hyderabad,1015000,6,Gold,366000,5,47,4,16544,0.178,0,1,2,16,2,0,0
CUST100183,57,Male,Hyderabad,876000,24,Gold,353000,1,14,6,16382,0.342,2,0,0,9,0,1,0
CUST100184,58,Female,Delhi NCR,467000,125,Basic,81000,1,26,6,4584,0.22,1,0,0,8,6,0,0
CUST100185,53,Female,Chennai,1059000,31,Gold,477000,2,4,13,35383,0.165,1,1,3,15,3,1,0
CUST100186,59,Male,Bangalore,485000,28,Platinum,240000,2,42,10,15498,0.308,0,0,1,10,1,0,0
CUST100187,44,Male,Hyderabad,,29,Basic,114000,1,48,4,2741,0.388,0,0,2,0,3,1,1
CUST100188,72,Female,Mumbai,434000,9,Basic,83000,1,30,11,6084,0.312,0,0,2,17,2,1,0
CUST100189,46,Male,Delhi NCR,1492000,24,Platinum,692000,3,20,17,51233,0.173,0,0,2,9,1,1,0
CUST100190,66,Male,Pune,1033000,9,Gold,503000,1,54,6,23216,0.526,1,1,4,0,2,1,1
CUST100191,72,F,Delhi NCR,1017000,38,Gold,570000,2,23,6,36401,0.346,0,1,2,16,2,0,0
CUST100192,66,Female,Pune,1448000,64,Platinum,1039000,4,73,7,42073,0.246,1,1,1,24,1,0,0
CUST100193,72,Female,Delhi NCR,3426000,9,Platinum,2500000,1,16,10,213634,0.06,2,0,1,19,3,1,0
CUST100194,36,Male,Hyderabad,300000,94,Basic,54000,2,56,11,4943,0.772,5,0,1,9,3,0,0
CUST100195,50,Male,Hyderabad,486000,76,Basic,60000,1,13,6,3573,0.334,2,0,0,15,3,0,0
CUST100196,72,Male,Delhi NCR,520000,1,Basic,61000,1,63,11,2750,0.096,0,2,4,13,3,1,1
CUST100197,42,Male,Pune,457000,16,Basic,84000,3,24,4,1228,0.252,2,2,2,7,1,1,0
CUST100198,46,Male,Delhi NCR,403000,8,Basic,63000,2,48,4,3542,0.389,1,1,1,4,2,0,1
CUST100199,61,Male,Bangalore,619000,7,Silver,141000,1,4,27,16429,0.278,3,0,0,20,3,1,0
CUST100200,55,Female,Chennai,374000,61,Basic,65000,3,20,13,3531,0.266,0,0,2,18,1,0,0
CUST100201,60,Male,Pune,877000,44,Gold,390000,3,12,6,25618,0.128,2,0,2,23,2,1,0
CUST100202,56,Male,Mumbai,750000,24,Silver,151000,1,11,12,7493,0.286,1,1,4,21,1,1,0
CUST100203,57,Male,Mumbai,950000,56,Gold,349000,2,8,14,22244,0.344,2,1,4,13,3,0,0
CUST100204,47,Female,Chennai,964000,50,Gold,490000,4,35,12,37952,0.551,4,1,3,19,5,0,0
CUST100205,57,Female,Bangalore,1016000,4,Gold,328000,1,44,0,6607,0.258,4,0,1,0,1,0,1
CUST100206,50,Male,Bangalore,594000,4,Silver,187000,2,1,11,11550,0.42,0,0,0,29,4,1,0
CUST100207,52,Female,Mumbai,2342000,49,Platinum,1300000,4,8,10,104875,0.509,2,0,0,20,2,0,0
CUST100208,65,Male,Delhi NCR,830000,4,Silver,248000,1,14,8,14423,0.191,4,0,1,5,0,0,1
CUST100209,42,Male,Pune,300000,65,Basic,63000,3,15,4,3677,0.257,2,0,1,3,2,0,0
CUST100210,34,Female,Mumbai,420000,36,Basic,84000,1,41,11,7189,0.826,3,0,2,24,1,0,0
CUST100211,64,Male,Delhi NCR,300000,44,Basic,61000,1,25,9,3531,0.306,0,0,0,27,1,0,0
CUST100212,57,Male,Hyderabad,736000,19,Silver,159000,1,26,4,2019,0.274,2,0,0,18,1,0,1
CUST100213,72,Female,Mumbai,682000,12,Silver,223000,1,25,0,4508,0.072,0,0,0,0,1,0,0
CUST100214,46,Male,Chennai,564000,15,Silver,130000,2,48,10,9715,0.276,3,1,4,19,3,0,1
CUST100215,54,Female,Delhi NCR,,5,Platinum,1403000,1,93,10,45635,0.267,1,1,1,7,0,0,1
CUST100216,56,Male,Pune,987000,16,Gold,413000,2,3,4,15822,0.176,0,0,0,13,1,0,0
CUST100217,48,Male,Chennai,1087000,41,Silver,321000,1,18,0,10696,0.177,0,2,3,7,0,0,1
CUST100218,45,Male,Hyderabad,437000,71,Basic,82000,1,17,7,6101,0.208,1,0,1,12,2,1,0
CUST100219,65,Male,Mumbai,421000,3,Basic,63000,1,4,13,3648,0.259,0,0,1,17,1,1,0
CUST100220,41,Male,Bangalore,744000,68,Silver,153000,1,8,9,7130,0.523,1,0,0,20,1,1,0
CUST100221,44,Male,Pune,802000,105,Silver,252000,2,4,13,17356,0.161,0,1,0,11,2,0,0
CUST100222,53,Female,Delhi NCR,300000,90,Platinum,189000,1,90,8,11425,0.233,1,0,1,8,4,1,1
CUST100223,67,Male,Mumbai,661000,28,Silver,217000,1,13,6,10055,0.306,0,0,0,25,1,1,0
CUST100224,49,Male,Mumbai,735000,68,Silver,198000,4,26,7,13443,0.385,1,0,2,14,2,0,0
CUST100225,48,Male,Hyderabad,648000,50,Silver,132000,4,44,5,4569,0.586,4,0,1,0,0,1,1
CUST100226,52,Male,Chennai,466000,27,Basic,96000,2,6,5,4528,0.389,2,0,3,7,1,0,0
CUST100227,59,Male,Chennai,542000,29,Basic,89000,3,35,0,3052,0.109,1,1,1,0,0,0,1
CUST100228,51,Female,Chennai,662000,7,Silver,191000,1,34,10,10219,0.456,2,0,1,,1,1,0
CUST100229,69,Male,Bangalore,767000,60,Platinum,412000,1,49,9,29787,0.056,3,0,0,23,1,1,0
CUST100230,70,Female,Bangalore,1017000,4,Gold,527000,1,18,6,26748,0.217,2,0,2,11,3,0,0
CUST100231,53,Female,Delhi NCR,1322000,40,Gold,445000,1,25,0,16647,0.371,3,0,1,0,1,0,0
CUST100232,72,Male,Chennai,620000,133,Silver,158000,3,9,17,13743,0.38,0,0,2,32,3,0,0
CUST100233,55,Male,Mumbai,568000,49,Silver,157000,1,26,8,9557,0.151,2,3,6,0,1,1,1
CUST100234,69,Male,Hyderabad,928000,28,Gold,298000,1,23,16,19109,0.135,0,0,2,12,4,0,0
CUST100235,59,Female,Pune,1021000,17,Gold,433000,1,5,7,18128,0.172,0,0,0,16,0,0,0
CUST100236,58,Male,Delhi NCR,574000,65,Silver,201000,1,3,11,17551,0.231,1,0,0,25,2,0,0
CUST100237,39,Female,Bangalore,1127000,4,Silver,279000,1,13,7,17154,0.132,3,1,3,28,2,1,0
CUST100238,43,Female,Mumbai,1250000,24,Gold,536000,3,21,3,14644,0.225,1,0,1,6,1,0,0
CUST100239,51,Female,Hyderabad,1484000,52,Platinum,456000,1,42,6,23356,0.362,3,0,0,4,0,0,1
CUST100240,69,Male,Hyderabad,1940000,15,Platinum,1171000,1,60,9,19467,0.732,3,0,0,,2,1,1
CUST100241,59,Female,Hyderabad,453000,18,Basic,75000,1,37,1,2068,0.393,2,1,4,0,1,0,1
CUST100242,51,Male,Delhi NCR,735000,4,Silver,170000,1,12,11,13986,0.362,3,0,1,6,2,0,1
CUST100243,62,Male,Mumbai,734000,7,Silver,239000,1,13,8,12581,0.147,1,0,0,10,4,0,0
CUST100244,69,Male,Mumbai,691000,2,Silver,177000,1,4,11,11703,0.263,3,1,1,13,3,0,0
CUST100245,55,Female,Mumbai,510000,16,Silver,134000,2,81,6,619,0.614,1,0,0,10,1,1,1
CUST100246,57,Male,Mumbai,322000,26,Basic,53000,1,5,4,1986,0.236,0,0,0,10,1,0,1
CUST100247,56,Female,Mumbai,768000,15,Silver,137000,1,58,1,5026,0.511,2,0,0,0,0,1,1
CUST100248,54,Male,Hyderabad,478000,13,Basic,67000,1,57,11,4876,0.269,0,1,4,3,0,0,1
CUST100249,46,Female,Mumbai,,40,Silver,244000,2,52,6,15277,0.48,1,1,2,7,0,1,1
CUST100250,46,Male,Mumbai,471000,95,Basic,51000,1,16,7,2467,0.463,1,0,0,10,2,1,0
CUST100251,62,Male,Pune,398000,27,Basic,60000,1,32,9,3293,0.483,0,1,3,24,1,0,0
CUST100252,69,Female,Bangalore,830000,28,Silver,210000,2,70,4,5355,0.099,0,1,3,14,1,1,0
CUST100253,51,Male,Pune,793000,12,Silver,283000,1,20,11,16964,0.023,0,0,0,1,3,0,0
CUST100254,51,Male,Chennai,1003000,17,Gold,457000,2,1,3,11196,0.245,0,0,2,15,1,1,0
CUST100255,37,Female,Hyderabad,2427000,15,Platinum,1328000,4,9,15,45027,0.641,1,0,0,11,2,1,0
CUST100256,36,Male,Chennai,850000,105,Silver,285000,1,51,2,6989,0.304,0,1,4,0,1,1,1
CUST100257,72,Male,Bangalore,952000,43,Gold,330000,1,1,13,33542,0.314,2,0,0,18,5,1,0
CUST100258,47,Male,Chennai,403000,53,Basic,84000,1,36,0,2335,0.265,1,0,2,17,0,1,0
CUST100259,72,Male,Delhi NCR,359000,8,Basic,48000,2,36,12,3424,0.224,0,0,1,11,2,1,0
CUST100260,48,Female,Delhi NCR,1742000,60,Platinum,1264000,1,7,11,68286,0.211,1,0,0,8,0,0,0
CUST100261,39,Female,Bangalore,439000,21,Basic,72000,1,20,10,2026,0.695,2,1,2,13,1,0,1
CUST100262,56,Male,Mumbai,411000,6,Basic,59000,1,20,1,2517,0.116,0,0,1,8,0,1,0
CUST100263,65,Male,Pune,714000,36,Silver,187000,2,70,6,3165,0.186,0,0,0,44,3,1,0
CUST100264,63,Male,Delhi NCR,694000,6,Silver,198000,3,60,5,7514,0.281,2,0,1,11,0,1,1
CUST100265,66,Female,Mumbai,444000,22,Basic,71000,2,18,13,4887,0.52,0,0,1,9,1,1,0
CUST100266,44,M,Delhi NCR,617000,5,Silver,185000,5,22,3,7796,0.503,1,1,1,29,1,1,0
CUST100267,72,Female,Pune,1434000,28,Platinum,780000,2,90,2,22181,0.636,5,1,4,24,1,0,1
CUST100268,72,Male,Delhi NCR,468000,9,Basic,92000,2,75,9,2383,0.162,0,0,0,9,3,0,0
CUST100269,72,Male,Chennai,339000,9,Basic,64000,1,25,25,5185,0.403,1,3,6,51,5,0,0
CUST100270,58,Male,Pune,1225000,7,Gold,485000,2,27,4,15972,0.253,0,2,5,5,1,0,1
CUST100271,51,Male,Mumbai,956000,2,Gold,352000,1,1,7,13961,0.436,1,1,3,19,1,0,0
CUST100272,50,male ,Pune,,6,Basic,94000,1,11,5,5525,0.028,1,0,3,27,1,1,0
CUST100273,39,Female,Delhi NCR,306000,52,Basic,59000,2,14,5,1708,0.415,2,1,0,0,2,1,0
CUST100274,49,Male,Mumbai,484000,17,Basic,117000,1,57,13,8926,0.733,3,1,2,9,2,0,1
CUST100275,33,Male,Chennai,708000,62,Silver,225000,1,10,6,11450,0.217,1,0,1,12,1,1,0
CUST100276,38,Male,Hyderabad,1385000,92,Platinum,990000,3,23,23,128199,0.103,0,0,2,17,5,1,0
CUST100277,58,Male,Delhi NCR,412000,99,Basic,113000,2,1,8,5934,0.785,2,0,0,15,4,0,0
CUST100278,52,Male,Bangalore,696000,3,Silver,207000,3,39,15,19487,0.549,0,1,3,4,2,1,1
CUST100279,57,Male,Delhi NCR,1057000,28,Gold,460000,1,45,2,15862,0.356,1,2,2,24,4,1,1
CUST100280,64,Female,Bangalore,300000,5,Basic,59000,1,39,0,2017,0.601,1,0,1,0,1,0,1
CUST100281,59,Male,Bangalore,1288000,73,Gold,422000,2,13,8,12674,0.44,1,0,0,18,1,1,1
CUST100282,58,Male,Bangalore,381000,53,Basic,62000,3,11,8,707,0.174,2,1,3,0,2,1,0
CUST100283,54,Male,Bangalore,876000,16,Gold,318000,1,12,5,16118,0.157,1,2,4,31,0,1,1
CUST100284,,Female,Mumbai,835000,18,Silver,254000,4,14,15,21825,0.553,2,1,3,14,2,1,0
CUST100285,42,Male,Chennai,1324000,29,Gold,513000,3,51,2,21314,0.192,0,0,2,0,0,0,0
CUST100286,49,Female,Chennai,988000,41,Gold,405000,1,65,0,10322,0.2,0,0,1,13,0,0,1
CUST100287,54,Female,Chennai,300000,64,Basic,63000,1,27,25,9721,0.769,2,0,1,17,3,0,0
CUST100288,55,Female,Mumbai,474000,5,Gold,219000,3,28,5,8595,0.113,0,0,1,18,0,1,0
CUST100289,66,Female,Delhi NCR,787000,29,Silver,208000,1,28,4,9950,0.188,5,0,0,3,1,1,0
CUST100290,53,Male,Delhi NCR,655000,17,Silver,157000,2,37,8,10119,0.56,0,0,0,9,0,0,0
CUST100291,62,Female,Mumbai,949000,12,Gold,457000,1,19,5,31534,0.026,0,0,2,15,0,1,0
CUST100292,40,Male,Mumbai,1126000,43,Basic,226000,1,37,1,6811,0.574,2,0,0,0,0,1,0
CUST100293,58,Female,Delhi NCR,1019000,18,Gold,290000,2,13,7,12041,0.073,0,0,0,34,1,0,0
CUST100294,57,Male,Chennai,648000,49,Silver,166000,1,115,17,7512,0.302,1,1,3,6,3,0,1
CUST100295,72,Male,Mumbai,300000,61,Basic,54000,1,19,12,5296,0.198,0,0,2,46,4,0,0
CUST100296,52,Male,Pune,568000,17,Basic,114000,4,6,10,7808,0.311,0,2,3,21,3,0,0
CUST100297,51,Female,Bangalore,917000,2,Gold,427000,1,26,6,23565,0.424,1,1,1,5,1,0,0
CUST100298,64,Male,Pune,400000,121,Basic,74000,1,23,8,7832,0.094,0,1,3,9,3,0,0
CUST100299,43,Male,Bangalore,1032000,43,Gold,456000,1,70,0,15139,0.225,0,0,0,0,1,0,0
CUST100300,58,Female,Bangalore,1202000,78,Gold,486000,3,33,7,15291,0.195,1,0,1,23,1,1,0
CUST100301,42,Female,Bangalore,782000,4,Silver,187000,2,32,1,5862,0.247,0,1,2,6,0,1,0
CUST100302,72,Male,Hyderabad,300000,6,Basic,50000,4,56,14,2584,0.112,2,0,0,20,1,1,0
CUST100303,50,Male,Bangalore,361000,3,Basic,64000,2,96,1,1878,0.388,0,0,2,22,1,0,1
CUST100304,42,Male,Bangalore,2058000,9,Platinum,1243000,1,31,6,53095,0.093,0,1,2,36,0,0,0
CUST100305,49,Female,Bangalore,540000,1,Basic,63000,1,10,10,3156,0.282,1,0,1,12,2,0,1
CUST100306,58,Male,Chennai,300000,72,Platinum,169000,1,7,9,5680,0.079,2,0,1,22,3,1,0
CUST100307,61,Female,Mumbai,1439000,14,Platinum,884000,1,58,12,87415,0.215,0,1,1,14,3,0,0
CUST100308,72,Male,Bangalore,735000,55,Silver,190000,1,9,9,11956,0.423,3,1,3,37,2,1,1
CUST100309,48,Male,Bangalore,1339000,62,Gold,512000,1,36,2,17358,0.132,3,0,2,14,1,1,0
CUST100310,,Male,Hyderabad,849000,61,Silver,251000,1,9,8,16849,0.01,0,0,2,23,1,0,0
CUST100311,38,Male,Bangalore,939000,24,Gold,303000,1,15,13,24198,0.01,0,0,1,10,3,0,0
CUST100312,44,Female,Bangalore,891000,121,Gold,252000,3,117,8,14923,0.252,2,0,1,0,2,0,1
CUST100313,40,Male,Hyderabad,1070000,76,Gold,401000,2,33,7,24963,0.503,1,0,1,6,0,1,0
CUST100314,46,Male,Bangalore,2553000,110,Platinum,1766000,3,69,12,122923,0.556,2,1,3,10,2,1,0
CUST100315,64,Female,Mumbai,1244000,31,Gold,649000,1,25,8,42634,0.465,2,0,0,14,1,1,1
CUST100316,48,Female,Mumbai,306000,70,Basic,61000,1,10,5,3405,0.079,0,0,0,20,1,1,0
CUST100317,50,Female,Mumbai,933000,22,Gold,275000,3,55,7,14894,0.793,2,0,1,9,0,0,1
CUST100318,58,Male,Mumbai,1367000,46,Platinum,796000,1,71,8,40658,0.537,3,0,0,6,1,1,1
CUST100319,61,Female,Delhi NCR,1413000,42,Platinum,899000,4,42,16,103810,0.626,0,0,0,18,4,1,0
CUST100320,50,Female,Pune,577000,4,Silver,162000,1,12,5,6318,0.126,0,0,1,9,0,1,0
CUST100321,44,Male,Chennai,1384000,9,Platinum,923000,1,51,3,40653,0.426,0,0,1,0,2,0,1
CUST100322,72,Male,Mumbai,1215000,54,Gold,406000,2,15,5,20780,0.351,0,1,1,14,1,0,0
CUST100323,50,Female,Bangalore,3002000,2,Platinum,1847000,1,17,8,82547,0.331,1,1,2,18,1,1,1
CUST100324,51,Male,Mumbai,483000,51,Basic,91000,1,15,10,4192,0.676,1,1,1,13,3,1,0
CUST100325,52,Male,Hyderabad,552000,31,Basic,112000,1,15,8,5475,0.127,0,0,0,8,1,0,0
CUST100326,62,Female,Mumbai,616000,156,Platinum,320000,1,17,10,16585,0.146,0,1,1,25,2,0,0
CUST100327,40,Female,Bangalore,557000,2,Silver,142000,1,15,1,2661,0.284,1,0,0,,1,1,1
CUST100328,72,Male,Delhi NCR,447000,26,Basic,40000,1,49,5,1465,0.109,1,1,3,18,5,1,0
CUST100329,51,Male,Chennai,300000,109,Basic,47000,1,17,14,3706,0.05,0,0,3,18,1,0,0
CUST100330,62,Male,Delhi NCR,574000,1,Silver,141000,1,50,12,13019,0.308,1,0,3,21,1,0,1
CUST100331,42,Male,Chennai,894000,37,Gold,292000,3,14,6,16546,0.55,0,0,2,63,2,1,0
CUST100332,57,Female,Mumbai,556000,16,Silver,156000,3,16,11,2193,0.71,1,1,2,2,2,1,0
CUST100333,72,Female,Hyderabad,2115000,11,Platinum,1273000,1,8,9,87660,0.385,2,0,0,17,2,1,0
CUST100334,72,Male,Bangalore,735000,47,Silver,119000,1,17,9,5722,0.234,1,0,0,11,3,1,0
CUST100335,62,Male,Chennai,1484000,22,Platinum,937000,3,4,13,74476,0.287,1,2,1,13,2,1,0
CUST100336,45,Female,Pune,842000,30,Silver,191000,1,19,5,8659,0.405,1,1,3,3,1,1,1
CUST100337,71,Male,Hyderabad,1149000,1,Gold,500000,2,10,9,27206,0.433,0,1,4,7,1,1,1
CUST100338,38,Male,Mumbai,851000,28,Silver,178000,4,27,8,9437,0.044,0,0,2,16,2,1,0
CUST100339,45,Male,Delhi NCR,1549000,4,Platinum,947000,1,35,8,51447,0.133,1,0,2,28,2,0,0
CUST100340,54,Female,Delhi NCR,752000,23,Silver,194000,1,59,2,9899,0.216,1,2,2,0,1,1,1
CUST100341,39,Male,Delhi NCR,958000,4,Gold,404000,2,1,19,35465,0.256,1,0,2,23,2,0,0
CUST100342,49,Female,Bangalore,892000,38,Gold,365000,2,25,6,23508,0.259,2,0,2,23,3,1,0
CUST100343,65,Male,Hyderabad,622000,7,Silver,161000,1,6,13,14442,0.281,1,0,1,17,1,0,0
CUST100344,47,Female,Hyderabad,911000,2,Gold,264000,1,68,15,24105,0.561,1,0,1,0,3,0,1
CUST100345,65,Male,Bangalore,2493000,59,Platinum,1113000,3,20,10,31403,0.47,1,0,1,6,2,0,0
CUST100346,72,Male,Chennai,629000,9,Silver,153000,1,5,14,14916,0.051,0,0,0,21,3,1,0
CUST100347,59,Male,Pune,919000,1,Gold,367000,1,8,7,16348,0.342,2,0,2,4,1,1,1
CUST100348,65,Male,Hyderabad,1457000,42,Platinum,789000,3,1,12,64134,0.612,1,1,4,47,1,0,0
CUST100349,72,Male,Mumbai,1366000,26,Platinum,924000,5,5,6,31794,0.432,0,0,0,42,1,1,0
CUST100350,50,Male,Bangalore,734000,33,Silver,190000,2,22,27,13806,0.615,3,0,0,34,2,1,0
CUST100351,65,Male,Pune,300000,71,Basic,44000,1,65,3,2763,0.39,0,0,1,10,4,1,0
CUST100352,50,Male,Delhi NCR,969000,8,Gold,368000,1,4,8,14349,0.71,1,0,0,38,1,0,0
CUST100353,58,Female,Delhi NCR,300000,11,Basic,55000,3,26,8,4043,0.329,0,1,1,0,1,0,1
CUST100354,67,Male,Hyderabad,1637000,48,Platinum,1054000,1,19,7,56361,0.293,0,0,1,0,2,1,0
CUST100355,46,Female,Hyderabad,801000,16,Silver,292000,2,20,5,11619,0.352,1,1,4,16,2,0,0
CUST100356,34,Female,Hyderabad,1264000,11,Gold,445000,1,25,2,15963,0.2,2,0,1,9,1,0,0
CUST100357,45,Male,Pune,444000,58,Basic,77000,2,90,3,1850,0.067,0,1,0,3,1,1,1
CUST100358,69,Female,Delhi NCR,311000,16,Basic,59000,1,57,10,3573,0.354,0,0,0,21,2,1,0
CUST100359,44,Female,Delhi NCR,842000,15,Silver,228000,1,65,5,7009,0.114,0,2,4,26,2,1,1
CUST100360,69,Female,Bangalore,716000,101,Silver,177000,1,57,8,8532,0.533,2,0,1,9,1,0,1
CUST100361,45,Male,Bangalore,557000,2,Silver,109000,2,26,12,9319,0.58,0,1,4,13,2,0,0
CUST100362,52,Male,Bangalore,764000,103,Silver,189000,2,30,8,11126,0.121,0,0,1,4,2,0,0
CUST100363,55,Male,Chennai,3342000,15,Platinum,1639000,1,1,17,74815,0.085,0,0,1,27,1,0,0
CUST100364,44,Male,Delhi NCR,1154000,112,Gold,318000,1,16,2,14517,0.278,1,1,3,15,1,1,0
CUST100365,52,Female,Chennai,1299000,6,Gold,445000,2,62,7,22930,0.155,0,0,0,25,1,0,0
CUST100366,39,Female,Delhi NCR,1160000,30,Gold,377000,1,77,1,10514,0.603,1,0,1,4,0,0,1
CUST100367,51,Male,Delhi NCR,1646000,47,Platinum,1106000,4,111,2,49224,0.499,0,0,0,9,0,0,1
CUST100368,54,Female,Mumbai,657000,48,Silver,198000,2,23,6,9137,0.071,0,1,3,11,0,0,0
CUST100369,34,Male,Mumbai,300000,4,Basic,44000,2,9,16,2264,0.423,1,0,0,11,4,1,0
CUST100370,45,Female,Pune,658000,4,Silver,171000,2,27,21,25095,0.273,1,1,2,37,2,1,0
CUST100371,58,Male,Delhi NCR,1140000,34,Platinum,461000,1,68,9,26485,0.196,0,0,1,37,1,1,0
CUST100372,43,Female,Mumbai,428000,4,Basic,69000,2,81,5,3065,0.344,1,0,1,22,0,0,1
CUST100373,60,Female,Chennai,662000,56,Silver,193000,1,25,7,8755,0.345,3,1,6,1,1,0,0
CUST100374,62,Male,Bangalore,499000,65,Basic,101000,1,16,4,5808,0.336,1,1,2,7,0,0,0
CUST100375,58,Male,Mumbai,1666000,6,Platinum,883000,3,1,18,63423,0.294,0,0,0,28,2,1,0
CUST100376,65,Female,Delhi NCR,1102000,51,Gold,524000,2,3,8,15376,0.19,1,0,0,30,3,1,0
CUST100377,39,Male,Mumbai,1044000,3,Gold,304000,1,15,5,11022,0.831,8,1,2,9,2,1,1
CUST100378,68,Male,Chennai,1027000,108,Gold,319000,1,18,4,18941,0.491,2,0,1,19,2,0,0
CUST100379,44,Female,Delhi NCR,715000,26,Silver,219000,1,47,4,11623,0.449,1,1,2,21,1,0,0
CUST100380,56,Male,Mumbai,813000,46,Silver,288000,3,10,3,10484,0.467,0,0,1,19,2,0,0
CUST100381,72,Male,Mumbai,380000,45,Basic,73000,2,28,5,4693,0.337,1,0,1,3,1,0,1
CUST100382,50,Male,Bangalore,300000,37,Basic,52000,1,7,7,3288,0.304,1,0,0,26,3,0,0
CUST100383,55,Male,Mumbai,792000,31,Silver,130000,1,6,9,6907,0.693,0,1,1,25,1,1,0
CUST100384,44,Female,Pune,872000,2,Gold,222000,2,13,3,8315,0.482,0,1,1,2,2,1,0
CUST100385,72,Male,Mumbai,1418000,69,Platinum,882000,2,6,7,50045,0.054,0,0,3,10,0,1,0
CUST100386,45,Male,Bangalore,1731000,32,Platinum,985000,2,17,8,40429,0.193,0,2,3,38,1,1,0
CUST100387,63,Male,Delhi NCR,1730000,11,Platinum,842000,2,1,10,51267,0.502,1,1,0,24,1,0,0
CUST100388,72,Female,Delhi NCR,421000,15,Basic,75000,1,1,15,6234,0.144,0,1,0,26,1,1,0
CUST100389,64,Male,Mumbai,601000,16,Silver,167000,1,21,5,3755,0.55,1,0,1,10,1,0,0
CUST100390,59,Female,Pune,950000,3,Gold,445000,5,59,8,22957,0.226,1,0,1,12,0,0,0
CUST100391,56,Female,Hyderabad,2936000,8,Platinum,1829000,3,12,2,60458,0.443,1,0,0,19,2,0,0
CUST100392,42,Female,Mumbai,1646000,2,Platinum,1222000,2,32,9,92336,0.203,0,0,0,0,2,0,1
CUST100393,72,Female,Mumbai,1350000,31,Gold,541000,2,7,5,11001,0.417,4,0,2,21,2,1,0
CUST100394,58,Female,Hyderabad,589000,19,Silver,157000,1,3,13,9728,0.129,0,0,0,13,2,0,0
CUST100395,55,Female,Bangalore,449000,110,Basic,94000,1,80,9,4644,0.565,0,0,1,4,1,1,1
CUST100396,,Male,Mumbai,1126000,10,Gold,371000,5,30,6,23216,0.443,0,0,0,8,2,0,0
CUST100397,55,Female,Mumbai,398000,30,Basic,106000,1,36,6,5083,0.464,1,0,1,16,1,0,1
CUST100398,54,Male,Chennai,640000,3,Silver,186000,1,80,2,10407,0.153,1,0,1,19,2,1,1
CUST100399,72,Male,Chennai,,13,Silver,199000,3,3,11,15233,0.375,1,0,0,23,3,1,0
CUST100400,55,Female,Bangalore,1752000,33,Platinum,1166000,2,2,12,68423,0.264,0,1,5,26,3,0,0
CUST100401,55,Female,Hyderabad,600000,104,Silver,218000,1,1,12,15637,0.331,0,0,0,41,3,0,0
CUST100402,43,Female,Bangalore,300000,112,Basic,60000,1,3,16,4244,0.388,2,0,1,18,0,0,0
CUST100403,47,Male,Delhi NCR,963000,3,Gold,274000,1,54,6,16744,0.177,0,0,2,21,1,1,0
CUST100404,61,Male,Bangalore,497000,34,Basic,110000,3,99,4,2805,0.234,1,0,1,0,3,0,1
CUST100405,38,Male,Delhi NCR,747000,10,Silver,191000,2,26,4,6108,0.106,0,0,2,11,2,0,0
CUST100406,68,Male,Mumbai,695000,72,Silver,193000,1,41,21,20714,0.574,1,0,1,3,1,1,0
CUST100407,68,Male,Mumbai,627000,47,Basic,85000,1,62,0,3517,0.335,0,1,2,0,0,0,1
CUST100408,46,Male,Delhi NCR,1127000,9,Gold,493000,1,84,10,10175,0.262,1,0,1,7,3,0,1
CUST100409,59,Male,Chennai,314000,18,Basic,49000,1,91,11,4419,0.438,2,0,1,38,2,0,1
CUST100410,72,Female,Mumbai,549000,1,Basic,98000,1,1,12,6282,0.587,0,0,2,10,2,1,0
CUST100411,53,Male,Delhi NCR,1063000,19,Gold,403000,2,9,5,7978,0.134,1,0,0,16,0,1,0
CUST100412,51,Female,Chennai,520000,28,Platinum,426000,1,29,2,1541,0.432,2,1,2,1,1,0,1
CUST100413,52,Female,Bangalore,301000,23,Basic,72000,1,8,8,2131,0.209,1,0,0,14,2,0,1
CUST100414,58,Male,Pune,1054000,45,Gold,425000,1,20,10,25690,0.314,3,0,0,16,1,1,0
CUST100415,48,Male,Pune,1353000,6,Silver,372000,3,59,0,11031,0.099,0,0,1,0,1,0,1
CUST100416,50,Male,Chennai,712000,61,Silver,181000,1,37,5,9806,0.069,0,1,3,6,0,1,1
CUST100417,58,Female,Mumbai,300000,17,Basic,63000,2,38,7,2717,0.04,1,0,1,16,2,0,0
CUST100418,49,Male,Bangalore,1075000,18,Gold,405000,1,39,4,11483,0.231,0,0,1,19,0,1,0
CUST100419,43,Male,Bangalore,300000,13,Basic,49000,3,1,8,2348,0.36,1,1,2,10,0,1,0
CUST100420,37,Female,Delhi NCR,864000,52,Gold,406000,1,3,20,37467,0.204,1,3,2,14,3,0,0
CUST100421,55,Female,Mumbai,448000,18,Basic,71000,3,37,8,4152,0.462,1,1,0,21,1,1,1
CUST100422,71,Male,Mumbai,385000,14,Basic,67000,1,51,3,2016,0.241,1,1,2,2,0,0,1
CUST100423,60,Male,Bangalore,572000,35,Silver,111000,3,57,0,4266,0.191,0,0,0,17,1,0,0
CUST100424,43,Male,Delhi NCR,659000,36,Silver,202000,1,7,14,12002,0.535,1,0,0,16,2,1,0
CUST100425,47,Male,Mumbai,512000,15,Basic,122000,1,14,7,4656,0.087,1,2,4,3,1,0,0
CUST100426,51,Male,Pune,1008000,66,Gold,456000,1,22,20,34882,0.278,0,0,1,5,2,0,0
CUST100427,72,Male,Hyderabad,571000,17,Silver,196000,1,1,23,26057,0.115,0,1,3,19,4,0,0
CUST100428,72,Female,Mumbai,1251000,45,Gold,424000,1,8,5,18535,0.408,2,1,4,33,1,0,0
CUST100429,72,Male,Hyderabad,851000,13,Silver,241000,1,65,7,9852,0.394,4,0,0,0,1,1,1
CUST100430,56,Female,Mumbai,497000,53,Basic,73000,1,28,2,3392,0.355,3,1,0,12,1,1,1
CUST100431,72,Male,Hyderabad,453000,51,Basic,76000,2,27,12,8355,0.202,0,0,1,,3,1,0
CUST100432,47,Female,Hyderabad,300000,44,Basic,60000,3,11,16,5047,0.116,1,0,4,8,3,0,0
CUST100433,51,Female,Mumbai,856000,55,Silver,237000,1,69,3,12800,0.212,1,0,2,7,4,1,0
CUST100434,67,Female,Pune,600000,30,Silver,122000,3,21,5,7281,0.479,1,1,2,13,1,1,0
CUST100435,58,Female,Hyderabad,300000,8,Basic,40000,2,44,6,1590,0.263,0,0,0,3,0,0,1
CUST100436,59,Male,Hyderabad,543000,25,Silver,111000,2,22,16,8855,0.327,0,0,1,33,2,1,0
CUST100437,36,Male,Hyderabad,444000,9,Basic,85000,3,47,12,3499,0.307,3,2,7,10,1,0,1
CUST100438,44,Male,Bangalore,1735000,34,Platinum,1447000,1,35,4,57679,0.49,4,1,2,5,2,0,1
CUST100439,54,Male,Mumbai,300000,5,Basic,66000,1,27,3,2113,0.062,0,1,3,10,0,1,1
CUST100440,47,Female,Pune,330000,30,Basic,38000,1,24,4,1419,0.528,1,0,1,8,3,1,1
CUST100441,41,Male,Bangalore,1343000,6,Gold,675000,1,15,3,20621,0.552,0,1,1,2,0,1,1
CUST100442,48,Female,Bangalore,1538000,31,Platinum,1093000,2,18,16,79049,0.703,2,0,0,20,3,0,0
CUST100443,58,Male,Delhi NCR,484000,140,Basic,61000,3,11,11,4518,0.365,0,0,1,35,5,1,0
CUST100444,64,Male,Bangalore,515000,40,Basic,86000,1,29,9,4788,0.167,1,1,1,17,3,0,1
CUST100445,37,Male,Mumbai,1024000,13,Gold,490000,1,11,9,12470,0.683,0,0,3,6,2,0,0
CUST100446,55,Female,Chennai,300000,10,Basic,58000,1,18,2,1637,0.202,2,0,1,17,1,1,0
CUST100447,53,Female,Mumbai,300000,19,Basic,40000,1,35,3,858,0.049,0,1,0,6,0,0,1
CUST100448,57,Male,Chennai,625000,25,Silver,189000,1,1,24,21011,0.313,0,0,1,26,2,0,0
CUST100449,43,Male,Pune,1711000,33,Platinum,640000,2,119,11,47042,0.294,0,0,1,4,3,1,1
CUST100450,43,Female,Bangalore,574000,11,Silver,150000,2,1,10,9823,0.747,3,1,2,19,0,0,0
CUST100451,71,Male,Bangalore,771000,35,Silver,253000,2,20,14,14112,0.112,0,0,0,29,1,1,0
CUST100452,33,Female,Delhi NCR,1361000,7,Platinum,830000,3,60,10,54206,0.177,0,1,2,0,2,0,1
CUST100453,46,male ,Hyderabad,2324000,89,Platinum,1286000,1,52,5,50291,0.638,1,0,0,0,0,1,1
CUST100454,50,Male,Chennai,531000,46,Basic,108000,1,22,10,4325,0.202,1,1,0,1,1,0,1
CUST100455,51,Male,Delhi NCR,723000,23,Silver,231000,1,37,10,17172,0.473,4,0,0,15,0,0,0
CUST100456,47,Male,Mumbai,1987000,40,Silver,668000,1,34,3,32792,0.511,0,0,0,6,1,0,0
CUST100457,61,Male,Mumbai,316000,7,Basic,64000,1,11,13,5753,0.029,1,2,8,40,3,0,1
CUST100458,59,Male,Bangalore,1284000,67,Gold,614000,1,36,14,36656,0.496,0,0,2,0,1,1,0
CUST100459,53,Female,Hyderabad,417000,80,Basic,83000,2,43,20,10266,0.233,0,0,0,14,5,0,0
CUST100460,48,Male,Chennai,772000,8,Silver,220000,1,23,13,13114,0.31,1,0,0,18,3,1,0
CUST100461,52,Male,Mumbai,638000,2,Silver,176000,1,6,5,9584,0.576,2,0,1,20,2,1,0
CUST100462,55,Male,Pune,431000,16,Basic,73000,1,27,2,2248,0.297,0,0,0,21,2,1,0
CUST100463,47,Male,Delhi NCR,425000,39,Basic,58000,2,40,2,1967,0.445,3,0,0,4,0,0,0
CUST100464,62,Female,Pune,849000,123,Silver,191000,2,41,3,2060,0.321,2,0,0,7,2,0,0
CUST100465,68,Male,Delhi NCR,1261000,15,Gold,479000,4,22,19,38467,0.215,0,0,1,30,1,1,0
CUST100466,72,Female,Bangalore,679000,15,Silver,193000,1,77,3,7815,0.205,0,0,0,12,3,0,0
CUST100467,72,Male,Hyderabad,758000,5,Silver,260000,2,17,5,10381,0.359,0,0,0,6,1,0,0
CUST100468,51,Female,Delhi NCR,999000,70,Gold,397000,2,2,11,38710,0.324,0,0,0,26,4,1,0
CUST100469,56,Male,Chennai,427000,107,Basic,89000,1,55,9,3347,0.258,0,0,2,23,3,0,0
CUST100470,53,Female,Hyderabad,1096000,3,Gold,524000,1,21,16,34457,0.43,0,0,1,10,2,0,0
CUST100471,53,Male,Mumbai,1145000,4,Gold,439000,1,35,8,17493,0.288,3,0,3,0,3,0,1
CUST100472,52,Male,Mumbai,3054000,11,Platinum,2056000,1,36,5,77773,0.33,1,0,3,0,0,0,1
CUST100473,55,Female,Chennai,593000,77,Silver,154000,1,31,14,14726,0.188,1,1,1,8,1,0,0
CUST100474,70,Female,Delhi NCR,567000,156,Silver,191000,3,35,6,13394,0.421,3,1,0,7,2,1,0
CUST100475,58,Female,Mumbai,1113000,16,Gold,496000,4,45,16,31000,0.541,1,1,2,19,0,0,0
CUST100476,43,Male,Bangalore,1145000,49,Gold,360000,2,22,2,10251,0.334,0,0,3,2,1,1,0
CUST100477,67,Female,Chennai,543000,31,Basic,98000,2,18,0,1935,0.518,0,0,2,0,1,1,0
CUST100478,57,Female,Delhi NCR,584000,9,Silver,206000,1,24,3,11302,0.744,1,0,0,24,0,1,0
CUST100479,61,Female,Delhi NCR,982000,28,Gold,380000,1,60,1,16912,0.332,1,0,1,0,0,0,0
CUST100480,58,Male,Pune,463000,100,Basic,88000,3,33,9,4920,0.388,2,0,0,0,0,1,0
CUST100481,59,Female,Bangalore,582000,50,Silver,174000,1,53,6,4913,0.176,1,1,2,0,1,1,0
CUST100482,59,Female,Pune,766000,52,Silver,169000,1,45,16,8132,0.618,3,1,3,25,3,1,0
CUST100483,38,Female,Delhi NCR,1261000,48,Gold,551000,3,37,3,22830,0.772,1,0,1,0,1,0,0
CUST100484,61,Male,Hyderabad,,6,Basic,69000,1,7,4,3414,0.362,1,0,1,19,0,1,0
CUST100485,47,Male,Chennai,300000,25,Basic,47000,2,35,11,1141,0.196,0,0,0,20,4,1,0
CUST100486,49,Female,Mumbai,300000,41,Basic,63000,2,29,4,2418,0.261,2,0,1,0,1,1,1
CUST100487,55,Male,Hyderabad,365000,27,Platinum,236000,1,11,10,21317,0.432,1,2,3,13,2,0,0
CUST100488,72,Female,Bangalore,354000,1,Basic,59000,1,11,5,2511,0.285,2,0,1,12,2,1,1
CUST100489,44,Male,Mumbai,670000,4,Silver,197000,2,11,14,20816,0.357,1,1,2,12,0,1,0
CUST100490,54,Male,Mumbai,379000,81,Basic,66000,1,24,6,3831,0.281,0,0,3,1,2,0,0
CUST100491,52,Female,Chennai,496000,49,Basic,87000,2,15,9,3390,0.376,1,0,0,26,1,0,0
CUST100492,67,Male,Mumbai,477000,47,Basic,94000,1,14,17,7048,0.497,2,0,2,18,6,0,0
CUST100493,51,Male,Delhi NCR,572000,74,Silver,135000,3,14,14,9478,0.494,3,0,2,21,1,0,0
CUST100494,57,Female,Mumbai,1510000,42,Platinum,925000,3,17,7,34117,0.385,0,1,3,25,1,0,1
CUST100495,44,Female,Delhi NCR,1050000,130,Gold,396000,1,53,8,15357,0.676,0,0,0,0,1,0,0
CUST100496,69,Female,Delhi NCR,736000,81,Silver,143000,1,34,14,15164,0.259,1,1,1,20,6,0,0
CUST100497,41,Male,Bangalore,566000,12,Silver,128000,1,48,8,4948,0.308,0,0,0,21,1,0,1
CUST100498,60,Male,Delhi NCR,575000,15,Silver,201000,1,3,14,19428,0.186,1,2,4,16,0,0,0
CUST100499,57,Female,Mumbai,873000,26,Gold,373000,2,52,16,25653,0.192,3,0,0,14,2,0,0
CUST100500,59,Male,Bangalore,1006000,11,Gold,307000,1,24,7,15731,0.25,1,2,3,32,2,1,0
